paleointensity,weighting,TiO
30,0.01,0.05
0,0.020408163,1.87
0,0.000177778,2.76
0,0.00073046,3
0,0.0625,3.2
0,0.020408163,3.3
0,0.00073046,3.4
0,0.020408163,4.82
0,0.0625,5.16
51,0.005102041,9.98
95,1.23115E-05,10.5
66,0.00073046,10.7
57,0.003460208,11.41
69,0.00390625,11.5
69,0.00390625,11.8
11,0.111111111,11.9
61,0.00147929,12.75
111,9.01803E-06,12.98
28,0.000141723,13.1
42,6.29882E-05,13.75
54,0.04,12